Frame,Left_Palm_Position_X,Left_Palm_Position_Y,Left_Palm_Position_Z,Left_Palm_Direction_X,Left_Palm_Direction_Y,Left_Palm_Direction_Z,Left_Palm_Velocity,Left_Palm_Acceleration,Left_Thumb_Proximal_Position_X,Left_Thumb_Proximal_Position_Y,Left_Thumb_Proximal_Position_Z,Left_Thumb_Proximal_Direction_X,Left_Thumb_Proximal_Direction_Y,Left_Thumb_Proximal_Direction_Z,Left_Thumb_Proximal_Velocity,Left_Thumb_Proximal_Acceleration,Left_Thumb_Distal_Position_X,Left_Thumb_Distal_Position_Y,Left_Thumb_Distal_Position_Z,Left_Thumb_Distal_Direction_X,Left_Thumb_Distal_Direction_Y,Left_Thumb_Distal_Direction_Z,Left_Thumb_Distal_Velocity,Left_Thumb_Distal_Acceleration,Left_Thumb_Tip_Position_X,Left_Thumb_Tip_Position_Y,Left_Thumb_Tip_Position_Z,Left_Thumb_Tip_Direction_X,Left_Thumb_Tip_Direction_Y,Left_Thumb_Tip_Direction_Z,Left_Thumb_Tip_Velocity,Left_Thumb_Tip_Acceleration,Left_Index_Knuckle_Position_X,Left_Index_Knuckle_Position_Y,Left_Index_Knuckle_Position_Z,Left_Index_Knuckle_Direction_X,Left_Index_Knuckle_Direction_Y,Left_Index_Knuckle_Direction_Z,Left_Index_Knuckle_Velocity,Left_Index_Knuckle_Acceleration,Left_Index_Middle_Position_X,Left_Index_Middle_Position_Y,Left_Index_Middle_Position_Z,Left_Index_Middle_Direction_X,Left_Index_Middle_Direction_Y,Left_Index_Middle_Direction_Z,Left_Index_Middle_Velocity,Left_Index_Middle_Acceleration,Left_Index_Distal_Position_X,Left_Index_Distal_Position_Y,Left_Index_Distal_Position_Z,Left_Index_Distal_Direction_X,Left_Index_Distal_Direction_Y,Left_Index_Distal_Direction_Z,Left_Index_Distal_Velocity,Left_Index_Distal_Acceleration,Left_Index_Tip_Position_X,Left_Index_Tip_Position_Y,Left_Index_Tip_Position_Z,Left_Index_Tip_Direction_X,Left_Index_Tip_Direction_Y,Left_Index_Tip_Direction_Z,Left_Index_Tip_Velocity,Left_Index_Tip_Acceleration,Left_Middle_Knuckle_Position_X,Left_Middle_Knuckle_Position_Y,Left_Middle_Knuckle_Position_Z,Left_Middle_Knuckle_Direction_X,Left_Middle_Knuckle_Direction_Y,Left_Middle_Knuckle_Direction_Z,Left_Middle_Knuckle_Velocity,Left_Middle_Knuckle_Acceleration,Left_Middle_Middle_Position_X,Left_Middle_Middle_Position_Y,Left_Middle_Middle_Position_Z,Left_Middle_Middle_Direction_X,Left_Middle_Middle_Direction_Y,Left_Middle_Middle_Direction_Z,Left_Middle_Middle_Velocity,Left_Middle_Middle_Acceleration,Left_Middle_Distal_Position_X,Left_Middle_Distal_Position_Y,Left_Middle_Distal_Position_Z,Left_Middle_Distal_Direction_X,Left_Middle_Distal_Direction_Y,Left_Middle_Distal_Direction_Z,Left_Middle_Distal_Velocity,Left_Middle_Distal_Acceleration,Left_Middle_Tip_Position_X,Left_Middle_Tip_Position_Y,Left_Middle_Tip_Position_Z,Left_Middle_Tip_Direction_X,Left_Middle_Tip_Direction_Y,Left_Middle_Tip_Direction_Z,Left_Middle_Tip_Velocity,Left_Middle_Tip_Acceleration,Left_Ring_Knuckle_Position_X,Left_Ring_Knuckle_Position_Y,Left_Ring_Knuckle_Position_Z,Left_Ring_Knuckle_Direction_X,Left_Ring_Knuckle_Direction_Y,Left_Ring_Knuckle_Direction_Z,Left_Ring_Knuckle_Velocity,Left_Ring_Knuckle_Acceleration,Left_Ring_Middle_Position_X,Left_Ring_Middle_Position_Y,Left_Ring_Middle_Position_Z,Left_Ring_Middle_Direction_X,Left_Ring_Middle_Direction_Y,Left_Ring_Middle_Direction_Z,Left_Ring_Middle_Velocity,Left_Ring_Middle_Acceleration,Left_Ring_Distal_Position_X,Left_Ring_Distal_Position_Y,Left_Ring_Distal_Position_Z,Left_Ring_Distal_Direction_X,Left_Ring_Distal_Direction_Y,Left_Ring_Distal_Direction_Z,Left_Ring_Distal_Velocity,Left_Ring_Distal_Acceleration,Left_Ring_Tip_Position_X,Left_Ring_Tip_Position_Y,Left_Ring_Tip_Position_Z,Left_Ring_Tip_Direction_X,Left_Ring_Tip_Direction_Y,Left_Ring_Tip_Direction_Z,Left_Ring_Tip_Velocity,Left_Ring_Tip_Acceleration,Left_Pinky_Knuckle_Position_X,Left_Pinky_Knuckle_Position_Y,Left_Pinky_Knuckle_Position_Z,Left_Pinky_Knuckle_Direction_X,Left_Pinky_Knuckle_Direction_Y,Left_Pinky_Knuckle_Direction_Z,Left_Pinky_Knuckle_Velocity,Left_Pinky_Knuckle_Acceleration,Left_Pinky_Middle_Position_X,Left_Pinky_Middle_Position_Y,Left_Pinky_Middle_Position_Z,Left_Pinky_Middle_Direction_X,Left_Pinky_Middle_Direction_Y,Left_Pinky_Middle_Direction_Z,Left_Pinky_Middle_Velocity,Left_Pinky_Middle_Acceleration,Left_Pinky_Distal_Position_X,Left_Pinky_Distal_Position_Y,Left_Pinky_Distal_Position_Z,Left_Pinky_Distal_Direction_X,Left_Pinky_Distal_Direction_Y,Left_Pinky_Distal_Direction_Z,Left_Pinky_Distal_Velocity,Left_Pinky_Distal_Acceleration,Left_Pinky_Tip_Position_X,Left_Pinky_Tip_Position_Y,Left_Pinky_Tip_Position_Z,Left_Pinky_Tip_Direction_X,Left_Pinky_Tip_Direction_Y,Left_Pinky_Tip_Direction_Z,Left_Pinky_Tip_Velocity,Left_Pinky_Tip_Acceleration,Right_Palm_Position_X,Right_Palm_Position_Y,Right_Palm_Position_Z,Right_Palm_Direction_X,Right_Palm_Direction_Y,Right_Palm_Direction_Z,Right_Palm_Velocity,Right_Palm_Acceleration,Right_Thumb_Proximal_Position_X,Right_Thumb_Proximal_Position_Y,Right_Thumb_Proximal_Position_Z,Right_Thumb_Proximal_Direction_X,Right_Thumb_Proximal_Direction_Y,Right_Thumb_Proximal_Direction_Z,Right_Thumb_Proximal_Velocity,Right_Thumb_Proximal_Acceleration,Right_Thumb_Distal_Position_X,Right_Thumb_Distal_Position_Y,Right_Thumb_Distal_Position_Z,Right_Thumb_Distal_Direction_X,Right_Thumb_Distal_Direction_Y,Right_Thumb_Distal_Direction_Z,Right_Thumb_Distal_Velocity,Right_Thumb_Distal_Acceleration,Right_Thumb_Tip_Position_X,Right_Thumb_Tip_Position_Y,Right_Thumb_Tip_Position_Z,Right_Thumb_Tip_Direction_X,Right_Thumb_Tip_Direction_Y,Right_Thumb_Tip_Direction_Z,Right_Thumb_Tip_Velocity,Right_Thumb_Tip_Acceleration,Right_Index_Knuckle_Position_X,Right_Index_Knuckle_Position_Y,Right_Index_Knuckle_Position_Z,Right_Index_Knuckle_Direction_X,Right_Index_Knuckle_Direction_Y,Right_Index_Knuckle_Direction_Z,Right_Index_Knuckle_Velocity,Right_Index_Knuckle_Acceleration,Right_Index_Middle_Position_X,Right_Index_Middle_Position_Y,Right_Index_Middle_Position_Z,Right_Index_Middle_Direction_X,Right_Index_Middle_Direction_Y,Right_Index_Middle_Direction_Z,Right_Index_Middle_Velocity,Right_Index_Middle_Acceleration,Right_Index_Distal_Position_X,Right_Index_Distal_Position_Y,Right_Index_Distal_Position_Z,Right_Index_Distal_Direction_X,Right_Index_Distal_Direction_Y,Right_Index_Distal_Direction_Z,Right_Index_Distal_Velocity,Right_Index_Distal_Acceleration,Right_Index_Tip_Position_X,Right_Index_Tip_Position_Y,Right_Index_Tip_Position_Z,Right_Index_Tip_Direction_X,Right_Index_Tip_Direction_Y,Right_Index_Tip_Direction_Z,Right_Index_Tip_Velocity,Right_Index_Tip_Acceleration,Right_Middle_Knuckle_Position_X,Right_Middle_Knuckle_Position_Y,Right_Middle_Knuckle_Position_Z,Right_Middle_Knuckle_Direction_X,Right_Middle_Knuckle_Direction_Y,Right_Middle_Knuckle_Direction_Z,Right_Middle_Knuckle_Velocity,Right_Middle_Knuckle_Acceleration,Right_Middle_Middle_Position_X,Right_Middle_Middle_Position_Y,Right_Middle_Middle_Position_Z,Right_Middle_Middle_Direction_X,Right_Middle_Middle_Direction_Y,Right_Middle_Middle_Direction_Z,Right_Middle_Middle_Velocity,Right_Middle_Middle_Acceleration,Right_Middle_Distal_Position_X,Right_Middle_Distal_Position_Y,Right_Middle_Distal_Position_Z,Right_Middle_Distal_Direction_X,Right_Middle_Distal_Direction_Y,Right_Middle_Distal_Direction_Z,Right_Middle_Distal_Velocity,Right_Middle_Distal_Acceleration,Right_Middle_Tip_Position_X,Right_Middle_Tip_Position_Y,Right_Middle_Tip_Position_Z,Right_Middle_Tip_Direction_X,Right_Middle_Tip_Direction_Y,Right_Middle_Tip_Direction_Z,Right_Middle_Tip_Velocity,Right_Middle_Tip_Acceleration,Right_Ring_Knuckle_Position_X,Right_Ring_Knuckle_Position_Y,Right_Ring_Knuckle_Position_Z,Right_Ring_Knuckle_Direction_X,Right_Ring_Knuckle_Direction_Y,Right_Ring_Knuckle_Direction_Z,Right_Ring_Knuckle_Velocity,Right_Ring_Knuckle_Acceleration,Right_Ring_Middle_Position_X,Right_Ring_Middle_Position_Y,Right_Ring_Middle_Position_Z,Right_Ring_Middle_Direction_X,Right_Ring_Middle_Direction_Y,Right_Ring_Middle_Direction_Z,Right_Ring_Middle_Velocity,Right_Ring_Middle_Acceleration,Right_Ring_Distal_Position_X,Right_Ring_Distal_Position_Y,Right_Ring_Distal_Position_Z,Right_Ring_Distal_Direction_X,Right_Ring_Distal_Direction_Y,Right_Ring_Distal_Direction_Z,Right_Ring_Distal_Velocity,Right_Ring_Distal_Acceleration,Right_Ring_Tip_Position_X,Right_Ring_Tip_Position_Y,Right_Ring_Tip_Position_Z,Right_Ring_Tip_Direction_X,Right_Ring_Tip_Direction_Y,Right_Ring_Tip_Direction_Z,Right_Ring_Tip_Velocity,Right_Ring_Tip_Acceleration,Right_Pinky_Knuckle_Position_X,Right_Pinky_Knuckle_Position_Y,Right_Pinky_Knuckle_Position_Z,Right_Pinky_Knuckle_Direction_X,Right_Pinky_Knuckle_Direction_Y,Right_Pinky_Knuckle_Direction_Z,Right_Pinky_Knuckle_Velocity,Right_Pinky_Knuckle_Acceleration,Right_Pinky_Middle_Position_X,Right_Pinky_Middle_Position_Y,Right_Pinky_Middle_Position_Z,Right_Pinky_Middle_Direction_X,Right_Pinky_Middle_Direction_Y,Right_Pinky_Middle_Direction_Z,Right_Pinky_Middle_Velocity,Right_Pinky_Middle_Acceleration,Right_Pinky_Distal_Position_X,Right_Pinky_Distal_Position_Y,Right_Pinky_Distal_Position_Z,Right_Pinky_Distal_Direction_X,Right_Pinky_Distal_Direction_Y,Right_Pinky_Distal_Direction_Z,Right_Pinky_Distal_Velocity,Right_Pinky_Distal_Acceleration,Right_Pinky_Tip_Position_X,Right_Pinky_Tip_Position_Y,Right_Pinky_Tip_Position_Z,Right_Pinky_Tip_Direction_X,Right_Pinky_Tip_Direction_Y,Right_Pinky_Tip_Direction_Z,Right_Pinky_Tip_Velocity,Right_Pinky_Tip_Acceleration
0,0.003689826,0.201035,-0.01371234,0.5211071,0.615298,0.5914861,0.7284796,11.79184,0.02860458,-0.008843035,-0.02136461,0.6249251,0.3240132,0.7102705,0.6927029,10.82664,0.04635247,0.0003590584,-0.001192798,0.2719357,0.1266671,0.9539426,0.0002298689,0.7052436,0.05146329,0.002739638,0.01673575,0.2719357,0.1266671,0.9539426,0.003154862,0.7198339,0.02701635,0.01398787,-0.001739549,0.2984399,-0.7065461,0.641659,0.724073,14.33769,0.03546786,-0.006021172,0.01643178,-0.6559413,-0.6593247,-0.367468,0.001574786,0.1718679,0.02286573,-0.01868835,0.009371975,-0.688546,-0.1239213,-0.7145268,0.001550597,0.2149768,0.01138655,-0.02075434,-0.002540662,-0.688546,-0.1239213,-0.7145268,0.006047742,0.4255667,0.01295387,0.01684999,0.008515742,0.333922,-0.8171389,0.4698727,0.7502691,13.79939,0.02387779,-0.00988239,0.02388711,-0.6125737,-0.5600435,-0.5577683,0.003209073,0.1127334,0.00938064,-0.02313682,0.01068659,-0.6927401,0.05876537,-0.7187898,0.01008981,0.06326699,-0.001705816,-0.02219632,-0.0008169236,-0.6927401,0.05876537,-0.7187898,0.009303262,0.4519469,-0.005113698,0.01390499,0.01835416,0.4527307,-0.7938363,0.4060281,0.7691413,12.39876,0.009852657,-0.01233828,0.03177684,-0.4375661,-0.6146221,-0.6563349,0.01240608,0.2205643,0.002079151,-0.02325767,0.02011645,-0.6391444,0.04038672,-0.7680258,0.006740329,0.2515208,-0.006476109,-0.02271697,0.009836012,-0.6391444,0.04038672,-0.7680258,0.006163424,0.4384716,-0.02040366,0.005791366,0.02417083,0.6129682,-0.7333612,0.2940262,0.7794392,10.73501,-0.006626673,-0.01069179,0.03077935,-0.3117599,-0.5817714,-0.7512316,0.0003018121,0.09786255,-0.01193756,-0.02060267,0.01798162,-0.6658143,0.01700966,-0.7459242,0.004933078,0.2353778,-0.01998276,-0.02039707,0.008968305,-0.6658143,0.01700966,-0.7459242,0.002796854,0.2633402,0.12,0.07,-1.049073E-08,1.748456E-07,0,1,0,0,-0.0436414,-0.02509636,-0.01880316,-0.5258143,-0.4131624,0.7435162,0,0,-0.06024136,-0.03813989,0.004669647,-0.5258143,-0.4131624,0.7435162,0,9.313226E-06,-0.07163577,-0.04709311,0.02078164,-0.5258143,-0.4131624,0.7435162,0,2.9451E-05,-0.02318128,0.002000004,0.02314935,-0.1660442,-0.1483404,0.9748971,0,0,-0.02978651,-0.003900975,0.06193076,-0.1660442,-0.1483404,0.9748971,0,0,-0.03350259,-0.007220834,0.08374895,-0.1660442,-0.1483404,0.9748971,0,0,-0.0361294,-0.009567574,0.09917182,-0.1660442,-0.1483404,0.9748971,0,0,-0.002788775,0.004000008,0.02325211,-0.02952062,-0.1483405,0.9884956,0,0,-0.004106276,-0.002620429,0.06736867,-0.02952062,-0.1483405,0.9884956,0,0,-0.004883558,-0.006526232,0.09339576,-0.02952062,-0.1483405,0.9884956,0,0,-0.005397215,-0.009107351,0.1105956,-0.02952062,-0.1483405,0.9884956,0,1.862645E-05,0.01744717,0.004000008,0.01727914,0.1213181,-0.1483403,0.9814668,0,0,0.02246609,-0.002136841,0.05788242,0.1213181,-0.1483403,0.9814668,0,0,0.02557792,-0.005941764,0.08305705,0.1213181,-0.1483403,0.9814668,0,0,0.02767673,-0.008508056,0.1000364,0.1213181,-0.1483403,0.9814668,0,0,0.03533743,0,0.009728708,0.2593291,-0.1058512,0.9599708,0,0,0.04382788,-0.003465563,0.04115816,0.2593291,-0.1058512,0.9599708,0,0,0.04852432,-0.005382538,0.05854323,0.2593291,-0.1058512,0.9599708,0,0,0.05266321,-0.007071912,0.07386436,0.2593291,-0.1058512,0.9599708,0,0
1,-0.004092237,0.1891761,-0.009703366,0.4883309,0.6143688,0.6197451,0.736995,4.355495,0.02966668,-0.008456498,-0.0199001,0.5982089,0.3367564,0.727146,0.718907,5.252621,0.04677153,0.001172453,0.0008914713,0.2480251,0.1447048,0.9578852,0.009661806,0.4942696,0.05145734,0.00390628,0.01898828,0.2480251,0.1447048,0.9578852,0.004914911,0.4034785,0.02718381,0.01404762,-0.0003424641,0.2753583,-0.7117387,0.6462243,0.7523734,3.966564,0.03492541,-0.005962789,0.0178261,-0.6310592,-0.6655518,-0.398504,0.01022514,0.4325765,0.02283253,-0.01871663,0.01018962,-0.6602044,-0.1278233,-0.7401295,0.002472947,0.2012072,0.01178744,-0.02085516,-0.002192577,-0.6602044,-0.1278233,-0.7401295,0.002897165,0.1575281,0.01252664,0.01676697,0.009143959,0.3066231,-0.8217103,0.4803897,0.7607637,3.98863,0.02258602,-0.01019055,0.02490405,-0.5898827,-0.5564662,-0.5851359,0.004615388,0.07058714,0.008488851,-0.02348894,0.01092038,-0.6580484,0.06426975,-0.7502277,0.01158361,0.07486081,-0.002163879,-0.02244851,-0.001224413,-0.6580484,0.06426975,-0.7502277,0.009218123,0.00435284,-0.006120247,0.01379532,0.01805036,0.4384267,-0.7918597,0.4251356,0.7652018,4.832091,0.008483917,-0.01258159,0.03221162,-0.3960453,-0.6172422,-0.6798237,0.01257681,0.009755658,0.001393551,-0.0236319,0.02004091,-0.5975704,0.03814328,-0.8009092,0.006845952,0.006178113,-0.006648472,-0.0231187,0.009262534,-0.5975704,0.03814321,-0.8009092,0.003610288,0.1276587,-0.0217429,0.005701095,0.02304486,0.5994262,-0.7349744,0.3170189,0.7653291,5.960037,-0.008260372,-0.01083004,0.03017537,-0.2812975,-0.579825,-0.7646407,0.0008102583,0.02604519,-0.01305879,-0.02072075,0.01713192,-0.6370905,0.02309998,-0.7704432,0.001128081,0.1902704,-0.02074542,-0.02044198,0.007836307,-0.6370905,0.02309998,-0.7704432,0.0009043669,0.1850599,0.12,0.07,-1.049073E-08,1.748456E-07,0,1,0,0,-0.0436414,-0.02509636,-0.01880316,-0.5258143,-0.4131624,0.7435162,0,0,-0.06024136,-0.03813989,0.004669647,-0.5258143,-0.4131624,0.7435162,0,9.313226E-06,-0.07163577,-0.04709311,0.02078164,-0.5258143,-0.4131624,0.7435162,0,2.9451E-05,-0.02318128,0.002000004,0.02314935,-0.1660442,-0.1483404,0.9748971,0,0,-0.02978651,-0.003900975,0.06193076,-0.1660442,-0.1483404,0.9748971,0,0,-0.03350259,-0.007220834,0.08374895,-0.1660442,-0.1483404,0.9748971,0,0,-0.0361294,-0.009567574,0.09917182,-0.1660442,-0.1483404,0.9748971,0,0,-0.002788775,0.004000008,0.02325211,-0.02952062,-0.1483405,0.9884956,0,0,-0.004106276,-0.002620429,0.06736867,-0.02952062,-0.1483405,0.9884956,0,0,-0.004883558,-0.006526232,0.09339576,-0.02952062,-0.1483405,0.9884956,0,0,-0.005397215,-0.009107351,0.1105956,-0.02952062,-0.1483405,0.9884956,0,1.862645E-05,0.01744717,0.004000008,0.01727914,0.1213181,-0.1483403,0.9814668,0,0,0.02246609,-0.002136841,0.05788242,0.1213181,-0.1483403,0.9814668,0,0,0.02557792,-0.005941764,0.08305705,0.1213181,-0.1483403,0.9814668,0,0,0.02767673,-0.008508056,0.1000364,0.1213181,-0.1483403,0.9814668,0,0,0.03533743,0,0.009728708,0.2593291,-0.1058512,0.9599708,0,0,0.04382788,-0.003465563,0.04115816,0.2593291,-0.1058512,0.9599708,0,0,0.04852432,-0.005382538,0.05854323,0.2593291,-0.1058512,0.9599708,0,0,0.05266321,-0.007071912,0.07386436,0.2593291,-0.1058512,0.9599708,0,0
2,-0.0142521,0.176894,-0.004999308,0.4465986,0.6073464,0.6570238,0.8309661,6.283043,0.03094408,-0.007692605,-0.01859412,0.5712993,0.3417742,0.7461954,0.7869063,5.571373,0.0472913,0.002086848,0.002757179,0.232246,0.1527217,0.9605924,0.001018764,0.4321743,0.05165312,0.004955262,0.0207985,0.232246,0.1527217,0.9605924,0.005551126,0.5233032,0.02710251,0.01432931,0.001321715,0.2540487,-0.7212476,0.6444076,0.8506566,7.011244,0.03420373,-0.005834013,0.0193389,-0.5992874,-0.6744066,-0.4313128,0.00788336,0.1171893,0.02267366,-0.01880825,0.0110408,-0.6261696,-0.1333455,-0.7681996,0.003798401,0.3135283,0.01228767,-0.0210205,-0.001702772,-0.6261696,-0.1333455,-0.7681996,0.007090474,0.4993891,0.0118884,0.01668528,0.0100458,0.2924562,-0.8285053,0.477544,0.867308,6.990337,0.02152494,-0.01061541,0.0257835,-0.5566599,-0.5576855,-0.6157253,0.007289611,0.1337435,0.008117575,-0.02404618,0.010955,-0.6242887,0.06840837,-0.7781933,0.009282094,0.1150861,-0.002007946,-0.02293703,-0.001667396,-0.6242887,0.06840837,-0.7781933,0.001576457,0.3820869,-0.007216929,0.0133684,0.01786914,0.4316319,-0.7897331,0.4359079,0.878473,6.758177,0.007271854,-0.01313975,0.03250159,-0.3504337,-0.6197834,-0.702186,0.01282311,0.01239268,0.0009758295,-0.02427387,0.01988677,-0.5508483,0.03820466,-0.8337308,0.003112752,0.1866766,-0.006468296,-0.02375844,0.008619513,-0.5508483,0.03820466,-0.8337308,0.002820169,0.03954658,-0.0230236,0.00507319,0.02189674,0.5966051,-0.7316816,0.3297035,0.880625,6.497661,-0.009566024,-0.01143089,0.02933371,-0.243695,-0.5689144,-0.7854611,0.003216326,0.1202615,-0.0137456,-0.0211876,0.01586408,-0.6021037,0.03108047,-0.7978129,0.004547382,0.1709727,-0.02104528,-0.02081183,0.006192032,-0.6021037,0.03108047,-0.7978129,0.002903744,0.1903956,0.12,0.07,-1.049073E-08,1.748456E-07,0,1,0,0,-0.0436414,-0.02509636,-0.01880316,-0.5258143,-0.4131624,0.7435162,0,0,-0.06024136,-0.03813989,0.004669647,-0.5258143,-0.4131624,0.7435162,0,9.313226E-06,-0.07163577,-0.04709311,0.02078164,-0.5258143,-0.4131624,0.7435162,0,2.9451E-05,-0.02318128,0.002000004,0.02314935,-0.1660442,-0.1483404,0.9748971,0,0,-0.02978651,-0.003900975,0.06193076,-0.1660442,-0.1483404,0.9748971,0,0,-0.03350259,-0.007220834,0.08374895,-0.1660442,-0.1483404,0.9748971,0,0,-0.0361294,-0.009567574,0.09917182,-0.1660442,-0.1483404,0.9748971,0,0,-0.002788775,0.004000008,0.02325211,-0.02952062,-0.1483405,0.9884956,0,0,-0.004106276,-0.002620429,0.06736867,-0.02952062,-0.1483405,0.9884956,0,0,-0.004883558,-0.006526232,0.09339576,-0.02952062,-0.1483405,0.9884956,0,0,-0.005397215,-0.009107351,0.1105956,-0.02952062,-0.1483405,0.9884956,0,1.862645E-05,0.01744717,0.004000008,0.01727914,0.1213181,-0.1483403,0.9814668,0,0,0.02246609,-0.002136841,0.05788242,0.1213181,-0.1483403,0.9814668,0,0,0.02557792,-0.005941764,0.08305705,0.1213181,-0.1483403,0.9814668,0,0,0.02767673,-0.008508056,0.1000364,0.1213181,-0.1483403,0.9814668,0,0,0.03533743,0,0.009728708,0.2593291,-0.1058512,0.9599708,0,0,0.04382788,-0.003465563,0.04115816,0.2593291,-0.1058512,0.9599708,0,0,0.04852432,-0.005382538,0.05854323,0.2593291,-0.1058512,0.9599708,0,0,0.05266321,-0.007071912,0.07386436,0.2593291,-0.1058512,0.9599708,0,0
3,-0.02580508,0.1664057,-0.0004342935,0.4093207,0.5882495,0.6974375,0.8128867,5.688883,0.03179088,-0.006879687,-0.01749574,0.534499,0.3271815,0.7792708,0.7750937,6.539504,0.04698306,0.002419502,0.004652868,0.1691566,0.1318986,0.9767235,0.009562903,0.5290482,0.05011073,0.004858106,0.02270934,0.1691566,0.1318986,0.9767235,0.01472731,0.4588263,0.02685886,0.01454526,0.003233783,0.2247659,-0.7421266,0.6314495,0.8465119,5.819024,0.03313356,-0.006169856,0.02085836,-0.5689006,-0.6652031,-0.4835875,0.002236668,0.2828767,0.02220865,-0.01894501,0.01157161,-0.5862802,-0.1158821,-0.8017774,0.001730948,0.2764658,0.0125242,-0.02085933,-0.001672167,-0.5862802,-0.1158821,-0.8017774,0.003490545,0.180115,0.01123607,0.01636893,0.01120854,0.2785716,-0.842376,0.4613032,0.8638808,5.25967,0.02044235,-0.01146764,0.02645201,-0.5240269,-0.5402787,-0.6584041,0.004643432,0.1327656,0.007818552,-0.024483,0.01059149,-0.5828499,0.09033255,-0.8075439,0.000303482,0.449124,-0.001760164,-0.02299786,-0.002680107,-0.5828499,0.09033255,-0.8075439,0.01073661,0.4580803,-0.008217083,0.01264447,0.01788464,0.4187806,-0.7966573,0.435844,0.8721741,4.952976,0.005934326,-0.01427564,0.03261178,-0.306701,-0.6006128,-0.7383763,0.01122975,0.07982591,0.0004109368,-0.02509251,0.01931404,-0.4958464,0.06174834,-0.866213,0.002225059,0.04449224,-0.00643996,-0.02423859,0.007345411,-0.4958464,0.06174834,-0.866213,0.01514791,0.6164277,-0.02416973,0.004170924,0.02080132,0.5822932,-0.7368013,0.3435966,0.8704155,4.937356,-0.01097998,-0.01251906,0.02858416,-0.2016707,-0.5518929,-0.8091628,0.004754094,0.07690758,-0.01443942,-0.0219869,0.01470342,-0.560524,0.05156474,-0.8265324,0.0002771326,0.2136313,-0.02123882,-0.02136132,0.00467741,-0.560524,0.05156467,-0.8265324,0.0003528219,0.1278467,0.12,0.07,-1.049073E-08,1.748456E-07,0,1,0,0,-0.0436414,-0.02509636,-0.01880316,-0.5258143,-0.4131624,0.7435162,0,0,-0.06024136,-0.03813989,0.004669647,-0.5258143,-0.4131624,0.7435162,0,9.313226E-06,-0.07163577,-0.04709311,0.02078164,-0.5258143,-0.4131624,0.7435162,0,2.9451E-05,-0.02318128,0.002000004,0.02314935,-0.1660442,-0.1483404,0.9748971,0,0,-0.02978651,-0.003900975,0.06193076,-0.1660442,-0.1483404,0.9748971,0,0,-0.03350259,-0.007220834,0.08374895,-0.1660442,-0.1483404,0.9748971,0,0,-0.0361294,-0.009567574,0.09917182,-0.1660442,-0.1483404,0.9748971,0,0,-0.002788775,0.004000008,0.02325211,-0.02952062,-0.1483405,0.9884956,0,0,-0.004106276,-0.002620429,0.06736867,-0.02952062,-0.1483405,0.9884956,0,0,-0.004883558,-0.006526232,0.09339576,-0.02952062,-0.1483405,0.9884956,0,0,-0.005397215,-0.009107351,0.1105956,-0.02952062,-0.1483405,0.9884956,0,1.862645E-05,0.01744717,0.004000008,0.01727914,0.1213181,-0.1483403,0.9814668,0,0,0.02246609,-0.002136841,0.05788242,0.1213181,-0.1483403,0.9814668,0,0,0.02557792,-0.005941764,0.08305705,0.1213181,-0.1483403,0.9814668,0,0,0.02767673,-0.008508056,0.1000364,0.1213181,-0.1483403,0.9814668,0,0,0.03533743,0,0.009728708,0.2593291,-0.1058512,0.9599708,0,0,0.04382788,-0.003465563,0.04115816,0.2593291,-0.1058512,0.9599708,0,0,0.04852432,-0.005382538,0.05854323,0.2593291,-0.1058512,0.9599708,0,0,0.05266321,-0.007071912,0.07386436,0.2593291,-0.1058512,0.9599708,0,0
4,-0.03814115,0.1570881,0.003900188,0.3696942,0.5641869,0.7382542,0.8027828,3.567875,0.03236111,-0.005995572,-0.01639751,0.4908733,0.3082818,0.8148655,0.7730994,4.121773,0.04608709,0.002624571,0.006387754,0.1070728,0.1003452,0.9891745,0.02302128,0.6729028,0.04802283,0.004438579,0.0242697,0.1070728,0.1003452,0.9891745,0.02046224,0.2867736,0.02649443,0.01468432,0.005122061,0.2122179,-0.7562466,0.6189142,0.8430171,3.603773,0.03235475,-0.006198823,0.02221282,-0.5340081,-0.6586041,-0.5301666,0.01492104,0.6345857,0.02221351,-0.01870623,0.01214464,-0.5550864,-0.08915838,-0.827001,0.01067429,0.4472862,0.01303442,-0.02018052,-0.001530845,-0.5550864,-0.08915849,-0.827001,0.000903016,0.219698,0.01058098,0.01606488,0.01236109,0.2749403,-0.852824,0.4439584,0.8536009,3.601084,0.01962266,-0.01198074,0.02696092,-0.4892495,-0.5219681,-0.6987023,0.007985063,0.6314119,0.007875558,-0.02451339,0.01018482,-0.5501278,0.1065411,-0.8282569,0.003967895,0.2133871,-0.001301493,-0.02273598,-0.003631937,-0.5501278,0.1065411,-0.8282569,0.012362,0.08136021,-0.009121966,0.01185378,0.01792081,0.4118729,-0.8022735,0.4321089,0.8611081,3.293635,0.004783861,-0.0152328,0.03250977,-0.2665996,-0.5741565,-0.7741248,0.001443757,0.633643,-1.475215E-06,-0.02553865,0.0186146,-0.4536867,0.08911321,-0.8866949,0.002999622,0.2612405,-0.006328482,-0.02429584,0.006248957,-0.4536867,0.08911321,-0.8866949,0.006434076,0.4357148,-0.02515069,0.00314039,0.01971268,0.5743544,-0.7386908,0.3527792,0.8587241,3.080584,-0.01216462,-0.01356134,0.02768893,-0.1639237,-0.5291994,-0.8325131,0.00208957,0.3421809,-0.01497047,-0.02261975,0.01343874,-0.5227061,0.0724126,-0.8494321,0.001877129,0.1076498,-0.02132671,-0.02173921,0.003109413,-0.5227061,0.0724126,-0.8494321,0.001499266,0.05765987,0.12,0.07,-1.049073E-08,1.748456E-07,0,1,0,0,-0.0436414,-0.02509636,-0.01880316,-0.5258143,-0.4131624,0.7435162,0,0,-0.06024136,-0.03813989,0.004669647,-0.5258143,-0.4131624,0.7435162,0,9.313226E-06,-0.07163577,-0.04709311,0.02078164,-0.5258143,-0.4131624,0.7435162,0,2.9451E-05,-0.02318128,0.002000004,0.02314935,-0.1660442,-0.1483404,0.9748971,0,0,-0.02978651,-0.003900975,0.06193076,-0.1660442,-0.1483404,0.9748971,0,0,-0.03350259,-0.007220834,0.08374895,-0.1660442,-0.1483404,0.9748971,0,0,-0.0361294,-0.009567574,0.09917182,-0.1660442,-0.1483404,0.9748971,0,0,-0.002788775,0.004000008,0.02325211,-0.02952062,-0.1483405,0.9884956,0,0,-0.004106276,-0.002620429,0.06736867,-0.02952062,-0.1483405,0.9884956,0,0,-0.004883558,-0.006526232,0.09339576,-0.02952062,-0.1483405,0.9884956,0,0,-0.005397215,-0.009107351,0.1105956,-0.02952062,-0.1483405,0.9884956,0,1.862645E-05,0.01744717,0.004000008,0.01727914,0.1213181,-0.1483403,0.9814668,0,0,0.02246609,-0.002136841,0.05788242,0.1213181,-0.1483403,0.9814668,0,0,0.02557792,-0.005941764,0.08305705,0.1213181,-0.1483403,0.9814668,0,0,0.02767673,-0.008508056,0.1000364,0.1213181,-0.1483403,0.9814668,0,0,0.03533743,0,0.009728708,0.2593291,-0.1058512,0.9599708,0,0,0.04382788,-0.003465563,0.04115816,0.2593291,-0.1058512,0.9599708,0,0,0.04852432,-0.005382538,0.05854323,0.2593291,-0.1058512,0.9599708,0,0,0.05266321,-0.007071912,0.07386436,0.2593291,-0.1058512,0.9599708,0,0
5,-0.05146211,0.1485239,0.00829025,0.3185675,0.5464875,0.7745104,0.8216849,3.103161,0.03285445,-0.004866272,-0.01517625,0.4482348,0.2969194,0.8431634,0.7926425,3.671239,0.0452593,0.003352016,0.008159881,0.06520846,0.08507217,0.9942387,0.01427262,0.4374523,0.04642226,0.004870743,0.02590324,0.06520844,0.08507215,0.9942387,0.01157496,0.4443738,0.0257549,0.0149543,0.006953869,0.2289543,-0.7565321,0.6125678,0.8735039,4.055588,0.03200656,-0.005701721,0.02367847,-0.4897599,-0.6650031,-0.5638322,0.01554786,0.03167515,0.0228361,-0.01815525,0.01312001,-0.5068489,-0.09930982,-0.856296,0.01322992,0.1278595,0.01455986,-0.01977846,-0.0008620825,-0.5068489,-0.09930969,-0.8562962,0.01037284,0.5637751,0.009643782,0.015881,0.01339437,0.2827922,-0.852395,0.439831,0.8792566,3.850731,0.01886293,-0.01190731,0.02773243,-0.4403177,-0.5120196,-0.737534,0.01427798,0.3145823,0.00827191,-0.02422372,0.009992318,-0.5089074,0.1163633,-0.8529205,0.002159914,0.3063605,-0.0002447292,-0.02227756,-0.004281443,-0.5089074,0.1163633,-0.8529205,0.002664546,0.4849262,-0.01022154,0.01113942,0.01784144,0.4184921,-0.7935746,0.4417056,0.8840614,3.608561,0.003822461,-0.01549032,0.03266331,-0.2069859,-0.5595177,-0.8025566,0.01027024,0.4412952,0.0001028813,-0.02554566,0.01824105,-0.4135851,0.09418929,-0.9055807,0.001059191,0.2029067,-0.005718004,-0.02422089,0.005495964,-0.4135851,0.09418929,-0.9055807,0.006407481,0.001421785,-0.02621368,0.0020625,0.01849115,0.5852488,-0.719437,0.3740245,0.8802099,3.204316,-0.01312493,-0.0140259,0.02685519,-0.1051331,-0.5129228,-0.8519728,0.01233783,0.5124152,-0.01491228,-0.02274951,0.0123662,-0.4816384,0.07317067,-0.8733101,0.005522314,0.1822491,-0.0208169,-0.02185333,0.001660287,-0.4816384,0.07317067,-0.8733101,0.004939174,0.1720171,0.12,0.07,-1.049073E-08,1.748456E-07,0,1,0,0,-0.0436414,-0.02509636,-0.01880316,-0.5258143,-0.4131624,0.7435162,0,0,-0.06024136,-0.03813989,0.004669647,-0.5258143,-0.4131624,0.7435162,0,9.313226E-06,-0.07163577,-0.04709311,0.02078164,-0.5258143,-0.4131624,0.7435162,0,2.9451E-05,-0.02318128,0.002000004,0.02314935,-0.1660442,-0.1483404,0.9748971,0,0,-0.02978651,-0.003900975,0.06193076,-0.1660442,-0.1483404,0.9748971,0,0,-0.03350259,-0.007220834,0.08374895,-0.1660442,-0.1483404,0.9748971,0,0,-0.0361294,-0.009567574,0.09917182,-0.1660442,-0.1483404,0.9748971,0,0,-0.002788775,0.004000008,0.02325211,-0.02952062,-0.1483405,0.9884956,0,0,-0.004106276,-0.002620429,0.06736867,-0.02952062,-0.1483405,0.9884956,0,0,-0.004883558,-0.006526232,0.09339576,-0.02952062,-0.1483405,0.9884956,0,0,-0.005397215,-0.009107351,0.1105956,-0.02952062,-0.1483405,0.9884956,0,1.862645E-05,0.01744717,0.004000008,0.01727914,0.1213181,-0.1483403,0.9814668,0,0,0.02246609,-0.002136841,0.05788242,0.1213181,-0.1483403,0.9814668,0,0,0.02557792,-0.005941764,0.08305705,0.1213181,-0.1483403,0.9814668,0,0,0.02767673,-0.008508056,0.1000364,0.1213181,-0.1483403,0.9814668,0,0,0.03533743,0,0.009728708,0.2593291,-0.1058512,0.9599708,0,0,0.04382788,-0.003465563,0.04115816,0.2593291,-0.1058512,0.9599708,0,0,0.04852432,-0.005382538,0.05854323,0.2593291,-0.1058512,0.9599708,0,0,0.05266321,-0.007071912,0.07386436,0.2593291,-0.1058512,0.9599708,0,0
6,-0.06440394,0.1423152,0.01259632,0.2684949,0.5251803,0.8075247,0.7493023,5.968134,0.03329992,-0.003902942,-0.01356134,0.4052412,0.2802762,0.8701866,0.7394786,5.589877,0.04453067,0.00386548,0.01055542,0.03340993,0.06738625,0.9971674,0.001897222,0.8084969,0.04512551,0.005066454,0.02832252,0.03340993,0.06738625,0.9971674,0.001429376,0.5073026,0.02501876,0.01517504,0.008788069,0.2019427,-0.7687139,0.6068757,0.8072263,5.847896,0.03048498,-0.005639583,0.02522412,-0.4386909,-0.6642917,-0.6051998,0.01121435,0.2170907,0.02233471,-0.01797844,0.01398046,-0.4651476,-0.09092759,-0.8805515,0.007473446,0.2880208,0.01471834,-0.0194673,-0.0004393188,-0.4651476,-0.09092759,-0.8805515,0.002335123,0.63534,0.00871462,0.01564273,0.01444376,0.2682061,-0.8612793,0.4315827,0.8103228,5.836002,0.01740195,-0.01225966,0.02842745,-0.3855713,-0.5017499,-0.774327,0.01016036,0.2061346,0.008238964,-0.02418397,0.01002216,-0.463989,0.1285043,-0.8764709,0.01429487,0.8227275,0.000437215,-0.02202452,-0.004715714,-0.463989,0.1285043,-0.8764709,0.003985967,0.06619917,-0.01121861,0.01043943,0.01771155,0.4071237,-0.8002343,0.4403129,0.8053943,6.055023,0.002411734,-0.01635313,0.03245578,-0.149772,-0.5330803,-0.8327032,0.003765635,0.3254769,-0.0002754182,-0.02591456,0.01751982,-0.3478741,0.1217187,-0.9296072,0.001702079,0.1380302,-0.005235404,-0.02418188,0.004265069,-0.3478741,0.1217187,-0.9296072,0.009207474,0.1400345,-0.02710685,0.001130074,0.01717488,0.5733539,-0.7226756,0.386012,0.7926889,6.416734,-0.01435118,-0.01494685,0.02576379,-0.04839122,-0.493126,-0.8686111,0.005789307,0.3275313,-0.01517517,-0.02333459,0.01098755,-0.4221022,0.0885543,-0.9022134,0.0002342621,0.286792,-0.02035458,-0.02224892,-8.451473E-05,-0.4221022,0.0885543,-0.9022134,0.0006357625,0.2152122,0.12,0.07,-1.049073E-08,1.748456E-07,0,1,0,0,-0.0436414,-0.02509636,-0.01880316,-0.5258143,-0.4131624,0.7435162,0,0,-0.06024136,-0.03813989,0.004669647,-0.5258143,-0.4131624,0.7435162,0,9.313226E-06,-0.07163577,-0.04709311,0.02078164,-0.5258143,-0.4131624,0.7435162,0,2.9451E-05,-0.02318128,0.002000004,0.02314935,-0.1660442,-0.1483404,0.9748971,0,0,-0.02978651,-0.003900975,0.06193076,-0.1660442,-0.1483404,0.9748971,0,0,-0.03350259,-0.007220834,0.08374895,-0.1660442,-0.1483404,0.9748971,0,0,-0.0361294,-0.009567574,0.09917182,-0.1660442,-0.1483404,0.9748971,0,0,-0.002788775,0.004000008,0.02325211,-0.02952062,-0.1483405,0.9884956,0,0,-0.004106276,-0.002620429,0.06736867,-0.02952062,-0.1483405,0.9884956,0,0,-0.004883558,-0.006526232,0.09339576,-0.02952062,-0.1483405,0.9884956,0,0,-0.005397215,-0.009107351,0.1105956,-0.02952062,-0.1483405,0.9884956,0,1.862645E-05,0.01744717,0.004000008,0.01727914,0.1213181,-0.1483403,0.9814668,0,0,0.02246609,-0.002136841,0.05788242,0.1213181,-0.1483403,0.9814668,0,0,0.02557792,-0.005941764,0.08305705,0.1213181,-0.1483403,0.9814668,0,0,0.02767673,-0.008508056,0.1000364,0.1213181,-0.1483403,0.9814668,0,0,0.03533743,0,0.009728708,0.2593291,-0.1058512,0.9599708,0,0,0.04382788,-0.003465563,0.04115816,0.2593291,-0.1058512,0.9599708,0,0,0.04852432,-0.005382538,0.05854323,0.2593291,-0.1058512,0.9599708,0,0,0.05266321,-0.007071912,0.07386436,0.2593291,-0.1058512,0.9599708,0,0
7,-0.0781519,0.1383918,0.01747239,0.212936,0.5191731,0.8277183,0.7552742,6.223766,0.03402992,-0.00317359,-0.01180824,0.3615068,0.2575134,0.8961025,0.7476881,5.579971,0.04404951,0.003963649,0.0130282,-0.006196898,0.02742274,0.9996047,8.597777E-05,0.09104306,0.04393949,0.004450589,0.03077845,-0.006196927,0.02742272,0.9996047,0.00301534,0.07928704,0.02381948,0.01577181,0.01025583,0.1792729,-0.7864093,0.5911191,0.8287504,7.388955,0.0287024,-0.005647838,0.02635612,-0.3953922,-0.6469637,-0.6519998,0.007910852,0.9562926,0.0213068,-0.01774914,0.0141607,-0.4167825,-0.05639433,-0.9072554,0.006398871,0.6936176,0.01447793,-0.01867313,-0.0007045213,-0.4167824,-0.0563944,-0.9072554,0.0004680023,0.09349503,0.007377326,0.01560238,0.01514866,0.2669402,-0.8672084,0.4203481,0.8282868,6.933612,0.01602169,-0.01248041,0.02876074,-0.3311186,-0.4918424,-0.8052652,0.0007069012,0.4733644,0.008194387,-0.02410708,0.00972517,-0.4116244,0.1522263,-0.8985502,0.006440123,0.392926,0.001257747,-0.02154172,-0.005416999,-0.4116244,0.1522263,-0.8985502,0.001854673,0.1066889,-0.01244379,0.009772897,0.01745809,0.4075239,-0.8029062,0.435047,0.8164419,6.444933,0.001189955,-0.01708836,0.03201257,-0.08568577,-0.5109944,-0.8553029,0.00133493,0.1222059,-0.0003614053,-0.02634013,0.016527,-0.298818,0.1394732,-0.944063,0.008435936,0.5068913,-0.004644543,-0.02434089,0.002995277,-0.298818,0.1394732,-0.944063,0.003776179,0.2719269,-0.02794741,-9.554625E-05,0.01586073,0.5675815,-0.71764,0.4035395,0.7937642,5.513537,-0.01529758,-0.01608995,0.02485456,0.01963548,-0.4822627,-0.8758068,0.002004876,0.3897117,-0.01496296,-0.02430915,0.009928318,-0.3678249,0.09354585,-0.9251784,0.00160092,0.06989448,-0.01945028,-0.0231679,-0.001358302,-0.3678249,0.09354589,-0.9251784,0.003615345,0.2125065,0.12,0.07,-1.049073E-08,1.748456E-07,0,1,0,0,-0.0436414,-0.02509636,-0.01880316,-0.5258143,-0.4131624,0.7435162,0,0,-0.06024136,-0.03813989,0.004669647,-0.5258143,-0.4131624,0.7435162,0,9.313226E-06,-0.07163577,-0.04709311,0.02078164,-0.5258143,-0.4131624,0.7435162,0,2.9451E-05,-0.02318128,0.002000004,0.02314935,-0.1660442,-0.1483404,0.9748971,0,0,-0.02978651,-0.003900975,0.06193076,-0.1660442,-0.1483404,0.9748971,0,0,-0.03350259,-0.007220834,0.08374895,-0.1660442,-0.1483404,0.9748971,0,0,-0.0361294,-0.009567574,0.09917182,-0.1660442,-0.1483404,0.9748971,0,0,-0.002788775,0.004000008,0.02325211,-0.02952062,-0.1483405,0.9884956,0,0,-0.004106276,-0.002620429,0.06736867,-0.02952062,-0.1483405,0.9884956,0,0,-0.004883558,-0.006526232,0.09339576,-0.02952062,-0.1483405,0.9884956,0,0,-0.005397215,-0.009107351,0.1105956,-0.02952062,-0.1483405,0.9884956,0,1.862645E-05,0.01744717,0.004000008,0.01727914,0.1213181,-0.1483403,0.9814668,0,0,0.02246609,-0.002136841,0.05788242,0.1213181,-0.1483403,0.9814668,0,0,0.02557792,-0.005941764,0.08305705,0.1213181,-0.1483403,0.9814668,0,0,0.02767673,-0.008508056,0.1000364,0.1213181,-0.1483403,0.9814668,0,0,0.03533743,0,0.009728708,0.2593291,-0.1058512,0.9599708,0,0,0.04382788,-0.003465563,0.04115816,0.2593291,-0.1058512,0.9599708,0,0,0.04852432,-0.005382538,0.05854323,0.2593291,-0.1058512,0.9599708,0,0,0.05266321,-0.007071912,0.07386436,0.2593291,-0.1058512,0.9599708,0,0
8,-0.09038746,0.1366066,0.02077531,0.1668112,0.5212502,0.8369422,0.6399312,7.63799,0.03436882,-0.002923429,-0.0100815,0.3193435,0.2608901,0.9110193,0.6503536,6.407119,0.04315829,0.00425753,0.01499387,-0.02889878,0.02059508,0.9993702,0.009581343,0.4828816,0.04265072,0.004619151,0.0325375,-0.02889878,0.02059508,0.9993702,0.01012861,0.3556964,0.02295453,0.01614553,0.01124239,0.158396,-0.7898153,0.592539,0.692847,8.403437,0.02730314,-0.005535603,0.02750882,-0.3574041,-0.6518762,-0.66882,0.01071094,0.1404843,0.02060617,-0.01774997,0.01497619,-0.3793624,-0.05672865,-0.9235079,0.001659514,0.2370317,0.0143793,-0.01868112,-0.0001824442,-0.3793624,-0.05672871,-0.9235076,0.00146787,0.05008807,0.006405398,0.0157007,0.01546372,0.2607228,-0.8662567,0.4261725,0.6898782,8.861314,0.01489767,-0.01251297,0.02934399,-0.2821873,-0.4909774,-0.8242041,0.009341691,0.5018843,0.008238517,-0.02409943,0.009893699,-0.3666953,0.1565754,-0.9170714,0.002005363,0.2218105,0.002063312,-0.02146352,-0.005549641,-0.3666953,0.1565754,-0.9170714,0.0006039718,0.1228999,-0.01337051,0.009542406,0.01703274,0.4017037,-0.8029708,0.4403092,0.681155,8.996956,7.186085E-05,-0.01732696,0.03176676,-0.03278442,-0.5064276,-0.8616596,0.0003832464,0.08582853,-0.0005220249,-0.02650157,0.01615676,-0.2492795,0.1481035,-0.9570403,0.0005432712,0.3946066,-0.004077986,-0.02438933,0.002503293,-0.2492795,0.1481035,-0.9570403,0.003368086,0.3571538,-0.02868313,-0.000597626,0.01476136,0.5598887,-0.7093465,0.4281963,0.6677219,8.891854,-0.01615058,-0.01647469,0.02434554,0.08055214,-0.485069,-0.8707584,0.004784057,0.1390533,-0.0147794,-0.02473164,0.009523505,-0.3120953,0.09010943,-0.9457681,0.001041893,0.1320812,-0.01853359,-0.02364836,-0.001854455,-0.3120953,0.09010943,-0.9457681,0.00846287,0.2424545,0.12,0.07,-1.049073E-08,1.748456E-07,0,1,0,0,-0.0436414,-0.02509636,-0.01880316,-0.5258143,-0.4131624,0.7435162,0,0,-0.06024136,-0.03813989,0.004669647,-0.5258143,-0.4131624,0.7435162,0,9.313226E-06,-0.07163577,-0.04709311,0.02078164,-0.5258143,-0.4131624,0.7435162,0,2.9451E-05,-0.02318128,0.002000004,0.02314935,-0.1660442,-0.1483404,0.9748971,0,0,-0.02978651,-0.003900975,0.06193076,-0.1660442,-0.1483404,0.9748971,0,0,-0.03350259,-0.007220834,0.08374895,-0.1660442,-0.1483404,0.9748971,0,0,-0.0361294,-0.009567574,0.09917182,-0.1660442,-0.1483404,0.9748971,0,0,-0.002788775,0.004000008,0.02325211,-0.02952062,-0.1483405,0.9884956,0,0,-0.004106276,-0.002620429,0.06736867,-0.02952062,-0.1483405,0.9884956,0,0,-0.004883558,-0.006526232,0.09339576,-0.02952062,-0.1483405,0.9884956,0,0,-0.005397215,-0.009107351,0.1105956,-0.02952062,-0.1483405,0.9884956,0,1.862645E-05,0.01744717,0.004000008,0.01727914,0.1213181,-0.1483403,0.9814668,0,0,0.02246609,-0.002136841,0.05788242,0.1213181,-0.1483403,0.9814668,0,0,0.02557792,-0.005941764,0.08305705,0.1213181,-0.1483403,0.9814668,0,0,0.02767673,-0.008508056,0.1000364,0.1213181,-0.1483403,0.9814668,0,0,0.03533743,0,0.009728708,0.2593291,-0.1058512,0.9599708,0,0,0.04382788,-0.003465563,0.04115816,0.2593291,-0.1058512,0.9599708,0,0,0.04852432,-0.005382538,0.05854323,0.2593291,-0.1058512,0.9599708,0,0,0.05266321,-0.007071912,0.07386436,0.2593291,-0.1058512,0.9599708,0,0
9,-0.1014526,0.1374909,0.02385971,0.1155506,0.5279475,0.8413795,0.5760477,7.307378,0.03513893,-0.00260967,-0.008275021,0.2910956,0.2726736,0.9170128,0.5730259,7.927036,0.04317057,0.004914045,0.01702663,-0.044105,0.0307491,0.9985536,0.003349059,0.6465306,0.04239818,0.005452514,0.03451137,-0.044105,0.0307491,0.9985536,0.002231174,0.3948736,0.02213322,0.01645729,0.01225339,0.1273717,-0.7966887,0.590816,0.6314472,7.207045,0.02564548,-0.00551188,0.02854443,-0.3157551,-0.6604778,-0.6812254,0.006178107,0.2267582,0.01965233,-0.01804911,0.015614,-0.3347269,-0.06837647,-0.9398314,0.01218046,0.5260965,0.01420959,-0.01916096,0.0003332552,-0.3347269,-0.06837647,-0.9398314,0.007750032,0.4608915,0.005355947,0.01586351,0.01562071,0.2440715,-0.8674713,0.4335006,0.6292175,7.420719,0.01333728,-0.0125049,0.02979665,-0.223257,-0.4974001,-0.8383021,0.006613823,0.1364932,0.008091561,-0.02419228,0.01009988,-0.3074161,0.1579204,-0.9383802,0.005126613,0.1560338,0.002978876,-0.02156562,-0.005505199,-0.3074161,0.1579204,-0.9383802,0.01048773,0.4942585,-0.01446335,0.009428769,0.01623407,0.3848749,-0.8035368,0.4540923,0.6197466,7.550851,-0.001597323,-0.01743378,0.03141393,0.0297633,-0.5035615,-0.863447,0.001638713,0.1010824,-0.001054689,-0.02661062,0.015679,-0.173921,0.1560307,-0.9723201,0.005363798,0.2410461,-0.003535748,-0.02438415,0.001809103,-0.173921,0.1560307,-0.9723201,9.597382E-05,0.1652792,-0.02960008,-0.0009398758,0.01325887,0.5405883,-0.7047802,0.4594009,0.6049096,7.652524,-0.01751396,-0.01669789,0.02352998,0.1499112,-0.4870906,-0.8603892,0.001250429,0.3017044,-0.01495531,-0.02501155,0.008845612,-0.2389487,0.08938014,-0.9669103,0.002264509,0.1653109,-0.01781261,-0.02394248,-0.002715264,-0.2389487,0.08938009,-0.9669103,0.003678599,0.2392969,0.12,0.07,-1.049073E-08,1.748456E-07,0,1,0,0,-0.0436414,-0.02509636,-0.01880316,-0.5258143,-0.4131624,0.7435162,0,0,-0.06024136,-0.03813989,0.004669647,-0.5258143,-0.4131624,0.7435162,0,9.313226E-06,-0.07163577,-0.04709311,0.02078164,-0.5258143,-0.4131624,0.7435162,0,2.9451E-05,-0.02318128,0.002000004,0.02314935,-0.1660442,-0.1483404,0.9748971,0,0,-0.02978651,-0.003900975,0.06193076,-0.1660442,-0.1483404,0.9748971,0,0,-0.03350259,-0.007220834,0.08374895,-0.1660442,-0.1483404,0.9748971,0,0,-0.0361294,-0.009567574,0.09917182,-0.1660442,-0.1483404,0.9748971,0,0,-0.002788775,0.004000008,0.02325211,-0.02952062,-0.1483405,0.9884956,0,0,-0.004106276,-0.002620429,0.06736867,-0.02952062,-0.1483405,0.9884956,0,0,-0.004883558,-0.006526232,0.09339576,-0.02952062,-0.1483405,0.9884956,0,0,-0.005397215,-0.009107351,0.1105956,-0.02952062,-0.1483405,0.9884956,0,1.862645E-05,0.01744717,0.004000008,0.01727914,0.1213181,-0.1483403,0.9814668,0,0,0.02246609,-0.002136841,0.05788242,0.1213181,-0.1483403,0.9814668,0,0,0.02557792,-0.005941764,0.08305705,0.1213181,-0.1483403,0.9814668,0,0,0.02767673,-0.008508056,0.1000364,0.1213181,-0.1483403,0.9814668,0,0,0.03533743,0,0.009728708,0.2593291,-0.1058512,0.9599708,0,0,0.04382788,-0.003465563,0.04115816,0.2593291,-0.1058512,0.9599708,0,0,0.04852432,-0.005382538,0.05854323,0.2593291,-0.1058512,0.9599708,0,0,0.05266321,-0.007071912,0.07386436,0.2593291,-0.1058512,0.9599708,0,0
10,-0.1105821,0.1392415,0.02542326,0.07580812,0.543735,0.8358262,0.4713199,6.523981,0.03562398,-0.002242267,-0.006951651,0.2567333,0.2989794,0.9190753,0.4678318,6.885871,0.04272583,0.006028324,0.01847261,-0.06833802,0.05497165,0.9961466,0.00357,0.01110965,0.04152159,0.00699681,0.03602495,-0.06833803,0.05497166,0.9961466,0.005507534,0.3869347,0.02150775,0.01682162,0.01267161,0.111045,-0.7955871,0.5955756,0.5088213,7.848087,0.02459933,-0.005328476,0.02925322,-0.2842068,-0.6770205,-0.6788742,0.0133148,0.3569406,0.01918556,-0.0182253,0.01632123,-0.3020063,-0.08126587,-0.949836,0.003388657,0.4395947,0.01431356,-0.01953623,0.000998294,-0.3020063,-0.08126587,-0.949836,0.006349463,0.07007785,0.004571445,0.01616162,0.01552447,0.2324112,-0.8623765,0.4497688,0.5114625,7.497046,0.01222897,-0.01225272,0.03034403,-0.1854576,-0.5142166,-0.8373694,0.01234294,0.2865269,0.00786826,-0.02434395,0.0106545,-0.2613555,0.1515925,-0.953265,0.0008674029,0.2997039,0.00354179,-0.02183443,-0.005125895,-0.2613555,0.1515925,-0.953265,0.00379753,0.3345374,-0.01526286,0.009531945,0.01545655,0.3734224,-0.7974519,0.4739476,0.5065556,7.241485,-0.002771854,-0.01714341,0.03131057,0.07267542,-0.5121898,-0.8557926,0.001039222,0.1338841,-0.001440212,-0.02652795,0.01563046,-0.1227072,0.1551854,-0.9802355,0.004942247,0.02107568,-0.003191903,-0.0243125,0.001636744,-0.1227072,0.1551853,-0.9802355,0.0005508388,0.03117858,-0.03026456,-0.001025021,0.01217262,0.5253344,-0.6953771,0.4903821,0.4973012,6.740649,-0.01849644,-0.01660254,0.02315805,0.1934403,-0.4991686,-0.8446375,0.002169419,0.1709408,-0.01517437,-0.02517503,0.008652674,-0.1860477,0.07990336,-0.979287,0.005308659,0.1522042,-0.01738319,-0.02422636,-0.002973804,-0.1860477,0.07990336,-0.979287,0.004211101,0.02702033,0.12,0.07,-1.049073E-08,1.748456E-07,0,1,0,0,-0.0436414,-0.02509636,-0.01880316,-0.5258143,-0.4131624,0.7435162,0,0,-0.06024136,-0.03813989,0.004669647,-0.5258143,-0.4131624,0.7435162,0,9.313226E-06,-0.07163577,-0.04709311,0.02078164,-0.5258143,-0.4131624,0.7435162,0,2.9451E-05,-0.02318128,0.002000004,0.02314935,-0.1660442,-0.1483404,0.9748971,0,0,-0.02978651,-0.003900975,0.06193076,-0.1660442,-0.1483404,0.9748971,0,0,-0.03350259,-0.007220834,0.08374895,-0.1660442,-0.1483404,0.9748971,0,0,-0.0361294,-0.009567574,0.09917182,-0.1660442,-0.1483404,0.9748971,0,0,-0.002788775,0.004000008,0.02325211,-0.02952062,-0.1483405,0.9884956,0,0,-0.004106276,-0.002620429,0.06736867,-0.02952062,-0.1483405,0.9884956,0,0,-0.004883558,-0.006526232,0.09339576,-0.02952062,-0.1483405,0.9884956,0,0,-0.005397215,-0.009107351,0.1105956,-0.02952062,-0.1483405,0.9884956,0,1.862645E-05,0.01744717,0.004000008,0.01727914,0.1213181,-0.1483403,0.9814668,0,0,0.02246609,-0.002136841,0.05788242,0.1213181,-0.1483403,0.9814668,0,0,0.02557792,-0.005941764,0.08305705,0.1213181,-0.1483403,0.9814668,0,0,0.02767673,-0.008508056,0.1000364,0.1213181,-0.1483403,0.9814668,0,0,0.03533743,0,0.009728708,0.2593291,-0.1058512,0.9599708,0,0,0.04382788,-0.003465563,0.04115816,0.2593291,-0.1058512,0.9599708,0,0,0.04852432,-0.005382538,0.05854323,0.2593291,-0.1058512,0.9599708,0,0,0.05266321,-0.007071912,0.07386436,0.2593291,-0.1058512,0.9599708,0,0
11,-0.1169799,0.1417105,0.02588741,0.04571915,0.5601881,0.8271028,0.3436702,7.57761,0.03609525,-0.002001464,-0.006024249,0.2339258,0.3111462,0.9211226,0.3331805,7.89528,0.04257746,0.006620556,0.01950064,-0.08627343,0.05835718,0.9945609,0.002388765,0.05908171,0.0410462,0.007656336,0.03715324,-0.08627343,0.05835718,0.9945609,0.006445405,0.04689011,0.02095149,0.01732385,0.01275374,0.1103521,-0.7962229,0.5948542,0.3790977,8.154492,0.02404384,-0.004988283,0.02942303,-0.2585343,-0.6876213,-0.6784815,0.009062235,0.2125908,0.01909026,-0.01816315,0.0164233,-0.2791086,-0.08669978,-0.9563381,0.005541015,0.1076007,0.01461617,-0.01955303,0.001093123,-0.2791086,-0.08669978,-0.9563381,0.005105538,0.06221011,0.003908619,0.0164704,0.01534119,0.2356184,-0.856931,0.4584247,0.3796311,7.937737,0.01173264,-0.01198491,0.03056359,-0.1607343,-0.5268,-0.8346538,0.01285621,0.02574723,0.007946,-0.02439546,0.01090052,-0.2381962,0.1468879,-0.9600458,0.002236268,0.0684147,0.004010603,-0.02196869,-0.004960977,-0.2381962,0.1468879,-0.9600458,0.001622324,0.1087728,-0.01587233,0.009595484,0.01489025,0.3737253,-0.7875906,0.4899291,0.3725805,7.820801,-0.003305778,-0.01688714,0.03136399,0.1022989,-0.5211499,-0.8473122,0.008708262,0.3835071,-0.001426719,-0.02645994,0.01580005,-0.1008506,0.1487729,-0.9837155,0.002312778,0.1314353,-0.00286819,-0.02433363,0.001740035,-0.1008506,0.1487729,-0.9837155,0.0008448107,0.01484863,-0.03065725,-0.001244873,0.01151653,0.5302019,-0.6786605,0.5082381,0.3577942,7.830123,-0.01873547,-0.01650476,0.0229444,0.220651,-0.5059508,-0.8338628,0.0041909,0.1010769,-0.01493873,-0.02521085,0.008596003,-0.1623312,0.06556793,-0.9845562,0.001684067,0.181214,-0.01686369,-0.02443341,-0.003078764,-0.1623312,0.06556793,-0.9845562,0.0007245453,0.1743576,0.12,0.07,-1.049073E-08,1.748456E-07,0,1,0,0,-0.0436414,-0.02509636,-0.01880316,-0.5258143,-0.4131624,0.7435162,0,0,-0.06024136,-0.03813989,0.004669647,-0.5258143,-0.4131624,0.7435162,0,9.313226E-06,-0.07163577,-0.04709311,0.02078164,-0.5258143,-0.4131624,0.7435162,0,2.9451E-05,-0.02318128,0.002000004,0.02314935,-0.1660442,-0.1483404,0.9748971,0,0,-0.02978651,-0.003900975,0.06193076,-0.1660442,-0.1483404,0.9748971,0,0,-0.03350259,-0.007220834,0.08374895,-0.1660442,-0.1483404,0.9748971,0,0,-0.0361294,-0.009567574,0.09917182,-0.1660442,-0.1483404,0.9748971,0,0,-0.002788775,0.004000008,0.02325211,-0.02952062,-0.1483405,0.9884956,0,0,-0.004106276,-0.002620429,0.06736867,-0.02952062,-0.1483405,0.9884956,0,0,-0.004883558,-0.006526232,0.09339576,-0.02952062,-0.1483405,0.9884956,0,0,-0.005397215,-0.009107351,0.1105956,-0.02952062,-0.1483405,0.9884956,0,1.862645E-05,0.01744717,0.004000008,0.01727914,0.1213181,-0.1483403,0.9814668,0,0,0.02246609,-0.002136841,0.05788242,0.1213181,-0.1483403,0.9814668,0,0,0.02557792,-0.005941764,0.08305705,0.1213181,-0.1483403,0.9814668,0,0,0.02767673,-0.008508056,0.1000364,0.1213181,-0.1483403,0.9814668,0,0,0.03533743,0,0.009728708,0.2593291,-0.1058512,0.9599708,0,0,0.04382788,-0.003465563,0.04115816,0.2593291,-0.1058512,0.9599708,0,0,0.04852432,-0.005382538,0.05854323,0.2593291,-0.1058512,0.9599708,0,0,0.05266321,-0.007071912,0.07386436,0.2593291,-0.1058512,0.9599708,0,0
12,-0.1214782,0.144615,0.02510003,0.02501238,0.5784596,0.8153275,0.2706059,5.79,0.03624818,-0.001918286,-0.005342707,0.2116095,0.3313787,0.9194616,0.2637227,5.488222,0.04209203,0.00723356,0.02005033,-0.1031785,0.07604593,0.9917516,0.004667744,0.3528439,0.04026374,0.008581161,0.03762351,-0.1031786,0.07604594,0.9917516,0.001490151,0.39675,0.02055398,0.01772532,0.01273699,0.1097087,-0.7870495,0.6070562,0.2980991,6.210767,0.02361438,-0.004227936,0.02966982,-0.2416394,-0.7041398,-0.6676805,0.006462023,0.7762016,0.01898097,-0.01772997,0.01686678,-0.2631072,-0.1057423,-0.9589542,0.000760605,0.239018,0.01478862,-0.01941511,0.001586633,-0.2631072,-0.1057423,-0.9589542,0.004794429,0.01554952,0.003479518,0.01681185,0.01508559,0.2388273,-0.8473201,0.4743525,0.2995976,6.384613,0.0114382,-0.01142383,0.03089229,-0.1442276,-0.5445921,-0.8262072,0.005864115,0.3496548,0.008034356,-0.02427609,0.01139395,-0.2265238,0.1342959,-0.9647034,0.002073513,0.008109853,0.004280835,-0.02205092,-0.00459064,-0.2265238,0.1342959,-0.9647034,0.002392458,0.200782,-0.01624881,0.009821892,0.01441403,0.3731861,-0.7759222,0.5086029,0.2964922,6.252109,-0.003673725,-0.01632369,0.03155176,0.1200947,-0.5337754,-0.8370553,0.003561434,0.2573074,-0.001468644,-0.02612477,0.0161821,-0.08505142,0.1380232,-0.9867712,0.0003487945,0.1330634,-0.002682902,-0.02415448,0.002095006,-0.08505142,0.1380232,-0.9867712,0.000840836,0.08425292,-0.03090372,-0.001239598,0.01102635,0.5323803,-0.6637681,0.525341,0.2855349,6.020612,-0.01896761,-0.01612142,0.02280473,0.2398308,-0.5160302,-0.8223104,0.003250976,0.3720988,-0.01483428,-0.02501542,0.008632204,-0.1510936,0.04734918,-0.9873855,0.001394791,0.01441326,-0.01662887,-0.02445317,-0.003094058,-0.1510936,0.04734913,-0.9873853,0.0009096122,0.08173279,0.12,0.07,-1.049073E-08,1.748456E-07,0,1,0,0,-0.0436414,-0.02509636,-0.01880316,-0.5258143,-0.4131624,0.7435162,0,0,-0.06024136,-0.03813989,0.004669647,-0.5258143,-0.4131624,0.7435162,0,9.313226E-06,-0.07163577,-0.04709311,0.02078164,-0.5258143,-0.4131624,0.7435162,0,2.9451E-05,-0.02318128,0.002000004,0.02314935,-0.1660442,-0.1483404,0.9748971,0,0,-0.02978651,-0.003900975,0.06193076,-0.1660442,-0.1483404,0.9748971,0,0,-0.03350259,-0.007220834,0.08374895,-0.1660442,-0.1483404,0.9748971,0,0,-0.0361294,-0.009567574,0.09917182,-0.1660442,-0.1483404,0.9748971,0,0,-0.002788775,0.004000008,0.02325211,-0.02952062,-0.1483405,0.9884956,0,0,-0.004106276,-0.002620429,0.06736867,-0.02952062,-0.1483405,0.9884956,0,0,-0.004883558,-0.006526232,0.09339576,-0.02952062,-0.1483405,0.9884956,0,0,-0.005397215,-0.009107351,0.1105956,-0.02952062,-0.1483405,0.9884956,0,1.862645E-05,0.01744717,0.004000008,0.01727914,0.1213181,-0.1483403,0.9814668,0,0,0.02246609,-0.002136841,0.05788242,0.1213181,-0.1483403,0.9814668,0,0,0.02557792,-0.005941764,0.08305705,0.1213181,-0.1483403,0.9814668,0,0,0.02767673,-0.008508056,0.1000364,0.1213181,-0.1483403,0.9814668,0,0,0.03533743,0,0.009728708,0.2593291,-0.1058512,0.9599708,0,0,0.04382788,-0.003465563,0.04115816,0.2593291,-0.1058512,0.9599708,0,0,0.04852432,-0.005382538,0.05854323,0.2593291,-0.1058512,0.9599708,0,0,0.05266321,-0.007071912,0.07386436,0.2593291,-0.1058512,0.9599708,0,0
13,-0.1234403,0.1473475,0.02447644,0.01398258,0.5903922,0.8069955,0.1710612,6.3684,0.03631395,-0.001510143,-0.005127575,0.2011947,0.3526336,0.9138765,0.184567,6.181153,0.04187374,0.008234501,0.02012629,-0.1102072,0.09595295,0.9892661,0.00082701,0.2747374,0.03991514,0.00993976,0.03770697,-0.1102072,0.09595292,0.9892661,0.002605787,0.2048258,0.02028261,0.01817504,0.01261315,0.1147813,-0.7809692,0.613932,0.1979456,6.664695,0.02348547,-0.003617167,0.02974438,-0.2339686,-0.7156315,-0.658127,0.0005424183,0.350233,0.01898754,-0.01737475,0.01709226,-0.2600852,-0.1163016,-0.9585567,0.002458429,0.08496379,0.01483987,-0.0192295,0.001805782,-0.2600852,-0.1163015,-0.9585567,0.0006603446,0.2727646,0.003190704,0.01706767,0.01481878,0.2444944,-0.8414259,0.4818974,0.1922822,6.733116,0.01138978,-0.01114938,0.03097917,-0.1373723,-0.5554856,-0.8201007,0.0105748,0.2355315,0.008141898,-0.02428273,0.01158954,-0.2230036,0.127971,-0.966382,0.002158717,0.004315884,0.004441589,-0.02215931,-0.004445683,-0.2230036,0.127971,-0.966382,0.001179512,0.06066329,-0.01647224,0.009861857,0.01412968,0.3780877,-0.7659,0.5200453,0.1822563,6.840798,-0.00368806,-0.01603526,0.03171386,0.1294441,-0.5434426,-0.8294063,0.00583073,0.1134869,-0.00131204,-0.0260104,0.0164897,-0.08077781,0.1291334,-0.9883323,0.0003078157,0.002114328,-0.002464123,-0.02416865,0.002393508,-0.08077782,0.1291334,-0.9883323,0.0006666211,0.008760673,-0.03099573,-0.001389951,0.01081019,0.5388736,-0.6529967,0.5321754,0.1702321,6.864317,-0.01891779,-0.01602572,0.02273792,0.2468215,-0.5212021,-0.8169626,0.0003534123,0.1448428,-0.01467153,-0.02499231,0.008683149,-0.1485805,0.03708028,-0.9882054,0.001569839,0.1482241,-0.01643475,-0.02455228,-0.003044169,-0.1485805,0.03708028,-0.9882054,0.0004404151,0.0674981,0.12,0.07,-1.049073E-08,1.748456E-07,0,1,0,0,-0.0436414,-0.02509636,-0.01880316,-0.5258143,-0.4131624,0.7435162,0,0,-0.06024136,-0.03813989,0.004669647,-0.5258143,-0.4131624,0.7435162,0,9.313226E-06,-0.07163577,-0.04709311,0.02078164,-0.5258143,-0.4131624,0.7435162,0,2.9451E-05,-0.02318128,0.002000004,0.02314935,-0.1660442,-0.1483404,0.9748971,0,0,-0.02978651,-0.003900975,0.06193076,-0.1660442,-0.1483404,0.9748971,0,0,-0.03350259,-0.007220834,0.08374895,-0.1660442,-0.1483404,0.9748971,0,0,-0.0361294,-0.009567574,0.09917182,-0.1660442,-0.1483404,0.9748971,0,0,-0.002788775,0.004000008,0.02325211,-0.02952062,-0.1483405,0.9884956,0,0,-0.004106276,-0.002620429,0.06736867,-0.02952062,-0.1483405,0.9884956,0,0,-0.004883558,-0.006526232,0.09339576,-0.02952062,-0.1483405,0.9884956,0,0,-0.005397215,-0.009107351,0.1105956,-0.02952062,-0.1483405,0.9884956,0,1.862645E-05,0.01744717,0.004000008,0.01727914,0.1213181,-0.1483403,0.9814668,0,0,0.02246609,-0.002136841,0.05788242,0.1213181,-0.1483403,0.9814668,0,0,0.02557792,-0.005941764,0.08305705,0.1213181,-0.1483403,0.9814668,0,0,0.02767673,-0.008508056,0.1000364,0.1213181,-0.1483403,0.9814668,0,0,0.03533743,0,0.009728708,0.2593291,-0.1058512,0.9599708,0,0,0.04382788,-0.003465563,0.04115816,0.2593291,-0.1058512,0.9599708,0,0,0.04852432,-0.005382538,0.05854323,0.2593291,-0.1058512,0.9599708,0,0,0.05266321,-0.007071912,0.07386436,0.2593291,-0.1058512,0.9599708,0,0
14,-0.1239079,0.1497104,0.02375963,0.01308655,0.5970459,0.8021004,0.125659,3.855751,0.03618847,-0.001464635,-0.004993672,0.1986004,0.3634013,0.9102184,0.1273997,3.762324,0.04168106,0.008585781,0.02017982,-0.1073223,0.1130113,0.9877805,0.001136892,0.01552023,0.03977071,0.01059738,0.03776246,-0.1073223,0.1130113,0.9877805,0.001434737,0.05856541,0.02026823,0.01826733,0.01244893,0.1137929,-0.7770845,0.6190242,0.1326354,4.752564,0.02345463,-0.003492355,0.02978261,-0.2352094,-0.7213731,-0.6513817,0.004881011,0.2170366,0.01892742,-0.01737708,0.01724506,-0.2608292,-0.1198539,-0.9579164,0.001159891,0.06489638,0.01476043,-0.01929185,0.001941433,-0.2608292,-0.119854,-0.9579161,0.001427967,0.0384068,0.003159262,0.01718345,0.01467888,0.2440362,-0.8393537,0.4857279,0.133484,4.561899,0.01137806,-0.01108482,0.03103749,-0.1381355,-0.5604262,-0.816604,0.007187969,0.1693955,0.008106261,-0.02435881,0.01169581,-0.2266703,0.126785,-0.9656847,0.00212685,0.001550477,0.004328325,-0.02224568,-0.004399408,-0.2266703,0.126785,-0.9656847,0.003705022,0.1262641,-0.01650706,0.009976029,0.01405574,0.377943,-0.7623448,0.5253469,0.1324191,4.282036,-0.003696963,-0.01586312,0.031862,0.1300164,-0.5492078,-0.82551,0.004078706,0.0876569,-0.001306936,-0.02595893,0.01668708,-0.08213407,0.1268139,-0.9885205,0.001349516,0.08285473,-0.002481014,-0.02414617,0.002556438,-0.08213407,0.1268139,-0.9885205,0.001606274,0.113647,-0.03102641,-0.001314729,0.01079956,0.5439145,-0.6479411,0.5332255,0.1296361,3.91625,-0.01885046,-0.01581937,0.02273624,0.2452416,-0.5250094,-0.8149989,0.001373495,0.05101321,-0.0146324,-0.02484935,0.008718558,-0.1538462,0.03256049,-0.9875587,0.0002022723,0.06840239,-0.01645923,-0.0244627,-0.003008036,-0.1538462,0.03256049,-0.9875587,0.0003518288,0.03959626,0.12,0.07,-1.049073E-08,1.748456E-07,0,1,0,0,-0.0436414,-0.02509636,-0.01880316,-0.5258143,-0.4131624,0.7435162,0,0,-0.06024136,-0.03813989,0.004669647,-0.5258143,-0.4131624,0.7435162,0,9.313226E-06,-0.07163577,-0.04709311,0.02078164,-0.5258143,-0.4131624,0.7435162,0,2.9451E-05,-0.02318128,0.002000004,0.02314935,-0.1660442,-0.1483404,0.9748971,0,0,-0.02978651,-0.003900975,0.06193076,-0.1660442,-0.1483404,0.9748971,0,0,-0.03350259,-0.007220834,0.08374895,-0.1660442,-0.1483404,0.9748971,0,0,-0.0361294,-0.009567574,0.09917182,-0.1660442,-0.1483404,0.9748971,0,0,-0.002788775,0.004000008,0.02325211,-0.02952062,-0.1483405,0.9884956,0,0,-0.004106276,-0.002620429,0.06736867,-0.02952062,-0.1483405,0.9884956,0,0,-0.004883558,-0.006526232,0.09339576,-0.02952062,-0.1483405,0.9884956,0,0,-0.005397215,-0.009107351,0.1105956,-0.02952062,-0.1483405,0.9884956,0,1.862645E-05,0.01744717,0.004000008,0.01727914,0.1213181,-0.1483403,0.9814668,0,0,0.02246609,-0.002136841,0.05788242,0.1213181,-0.1483403,0.9814668,0,0,0.02557792,-0.005941764,0.08305705,0.1213181,-0.1483403,0.9814668,0,0,0.02767673,-0.008508056,0.1000364,0.1213181,-0.1483403,0.9814668,0,0,0.03533743,0,0.009728708,0.2593291,-0.1058512,0.9599708,0,0,0.04382788,-0.003465563,0.04115816,0.2593291,-0.1058512,0.9599708,0,0,0.04852432,-0.005382538,0.05854323,0.2593291,-0.1058512,0.9599708,0,0,0.05266321,-0.007071912,0.07386436,0.2593291,-0.1058512,0.9599708,0,0
15,-0.1232984,0.1519477,0.02313403,0.01563035,0.6041046,0.7967518,0.1200877,2.720475,0.03602156,-0.001559675,-0.004957682,0.1997964,0.3734127,0.9058942,0.1132791,2.673288,0.04154591,0.00876525,0.02009048,-0.1040303,0.1315396,0.9858372,0.000317799,0.07274722,0.03969252,0.01110873,0.03765401,-0.1040303,0.1315396,0.9858372,0.000785399,0.03244769,0.02033464,0.01827896,0.01225388,0.1087518,-0.7726398,0.6254606,0.1243786,2.944079,0.02338536,-0.003394902,0.029799,-0.2392758,-0.7277956,-0.6426977,0.002497981,0.1191267,0.01878,-0.01740319,0.01742879,-0.2608719,-0.1276916,-0.9568909,1.206557E-05,0.05850005,0.01461484,-0.01944199,0.002150506,-0.2608719,-0.1276916,-0.9568909,0.0004691953,0.09484688,0.003205672,0.01728338,0.01453385,0.2414935,-0.8367901,0.491389,0.1273456,2.916809,0.01135755,-0.01096341,0.03112115,-0.1406323,-0.5675706,-0.8112257,0.003873232,0.1657659,0.008021198,-0.02442855,0.01187552,-0.2283069,0.1224341,-0.9658607,0.001931427,0.009765449,0.004199669,-0.02237913,-0.004291793,-0.2283069,0.1224341,-0.9658607,0.003580751,0.006179548,-0.01648644,0.01016328,0.01399709,0.3748423,-0.7592636,0.5319888,0.1298435,2.846748,-0.003760464,-0.01561394,0.03205815,0.1286092,-0.5574023,-0.8202211,0.002797278,0.06403151,-0.00139264,-0.02587613,0.01695727,-0.08354662,0.1211166,-0.9891165,0.001412712,0.003136442,-0.002590217,-0.02414,0.002778793,-0.08354662,0.1211166,-0.9891165,0.0019875,0.01904799,-0.03103922,-0.001093864,0.01082554,0.5455021,-0.6436542,0.5367837,0.1299828,2.756353,-0.01883622,-0.01549259,0.02283356,0.2444258,-0.5325781,-0.8103191,0.0007753783,0.0298987,-0.01463411,-0.02464867,0.008902602,-0.1573495,0.02541809,-0.9872164,0.0003847344,0.009104206,-0.01650352,-0.02434668,-0.002826057,-0.1573495,0.02541809,-0.9872164,0.0003108223,0.002036703,0.12,0.07,-1.049073E-08,1.748456E-07,0,1,0,0,-0.0436414,-0.02509636,-0.01880316,-0.5258143,-0.4131624,0.7435162,0,0,-0.06024136,-0.03813989,0.004669647,-0.5258143,-0.4131624,0.7435162,0,9.313226E-06,-0.07163577,-0.04709311,0.02078164,-0.5258143,-0.4131624,0.7435162,0,2.9451E-05,-0.02318128,0.002000004,0.02314935,-0.1660442,-0.1483404,0.9748971,0,0,-0.02978651,-0.003900975,0.06193076,-0.1660442,-0.1483404,0.9748971,0,0,-0.03350259,-0.007220834,0.08374895,-0.1660442,-0.1483404,0.9748971,0,0,-0.0361294,-0.009567574,0.09917182,-0.1660442,-0.1483404,0.9748971,0,0,-0.002788775,0.004000008,0.02325211,-0.02952062,-0.1483405,0.9884956,0,0,-0.004106276,-0.002620429,0.06736867,-0.02952062,-0.1483405,0.9884956,0,0,-0.004883558,-0.006526232,0.09339576,-0.02952062,-0.1483405,0.9884956,0,0,-0.005397215,-0.009107351,0.1105956,-0.02952062,-0.1483405,0.9884956,0,1.862645E-05,0.01744717,0.004000008,0.01727914,0.1213181,-0.1483403,0.9814668,0,0,0.02246609,-0.002136841,0.05788242,0.1213181,-0.1483403,0.9814668,0,0,0.02557792,-0.005941764,0.08305705,0.1213181,-0.1483403,0.9814668,0,0,0.02767673,-0.008508056,0.1000364,0.1213181,-0.1483403,0.9814668,0,0,0.03533743,0,0.009728708,0.2593291,-0.1058512,0.9599708,0,0,0.04382788,-0.003465563,0.04115816,0.2593291,-0.1058512,0.9599708,0,0,0.04852432,-0.005382538,0.05854323,0.2593291,-0.1058512,0.9599708,0,0,0.05266321,-0.007071912,0.07386436,0.2593291,-0.1058512,0.9599708,0,0
16,-0.1221063,0.153491,0.02252292,0.02059246,0.6075751,0.7939953,0.1021791,2.265922,0.03591047,-0.001707256,-0.00503047,0.2033336,0.3802057,0.9022744,0.09466042,2.46735,0.04151747,0.008776993,0.01984999,-0.1006324,0.1398488,0.9850459,0.003746015,0.1714023,0.03972938,0.01126191,0.03735271,-0.1006324,0.1398488,0.9850459,0.002370472,0.1577822,0.02048216,0.01826447,0.01207921,0.1050801,-0.7686551,0.6309736,0.1089636,2.45018,0.02343101,-0.003306121,0.02978608,-0.2431029,-0.7321588,-0.6362743,0.0005576374,0.09699894,0.01875138,-0.01739985,0.01753807,-0.263664,-0.1320173,-0.9555383,0.0001068037,0.005866032,0.01454911,-0.01950392,0.002308814,-0.263664,-0.1320173,-0.9555383,0.00143338,0.04821175,0.003333382,0.0173476,0.01443663,0.2389641,-0.8349695,0.4957038,0.1098596,2.471549,0.01139869,-0.01083356,0.03116721,-0.1451456,-0.5726516,-0.806848,0.000247288,0.2060143,0.007950112,-0.02443936,0.01199703,-0.2329675,0.119589,-0.9651037,0.001759197,0.008626747,0.004042946,-0.0224337,-0.004188953,-0.2329675,0.119589,-0.9651037,0.001623682,0.09781697,-0.01640116,0.01028913,0.01399949,0.371746,-0.7573102,0.5369231,0.1094096,2.494411,-0.003780819,-0.01542065,0.03222739,0.1250645,-0.5628484,-0.8170438,6.950337E-05,0.1432507,-0.001476608,-0.02579075,0.01717389,-0.08764101,0.1167868,-0.9892828,0.0006801264,0.03662222,-0.002734944,-0.02411395,0.002970014,-0.08764101,0.1167868,-0.9892828,0.001163004,0.04122876,-0.03103007,-0.0009333193,0.01093208,0.5467734,-0.6409698,0.5386989,0.1072445,2.428695,-0.01879428,-0.01527706,0.02298717,0.2415385,-0.5369477,-0.8082989,0.000395416,0.05855236,-0.01464438,-0.02450243,0.009099685,-0.1607133,0.02257981,-0.9867432,0.0005413187,0.007826036,-0.01655682,-0.02423376,-0.002642263,-0.1607133,0.02257981,-0.9867432,0.000957531,0.03235478,0.12,0.07,-1.049073E-08,1.748456E-07,0,1,0,0,-0.0436414,-0.02509636,-0.01880316,-0.5258143,-0.4131624,0.7435162,0,0,-0.06024136,-0.03813989,0.004669647,-0.5258143,-0.4131624,0.7435162,0,9.313226E-06,-0.07163577,-0.04709311,0.02078164,-0.5258143,-0.4131624,0.7435162,0,2.9451E-05,-0.02318128,0.002000004,0.02314935,-0.1660442,-0.1483404,0.9748971,0,0,-0.02978651,-0.003900975,0.06193076,-0.1660442,-0.1483404,0.9748971,0,0,-0.03350259,-0.007220834,0.08374895,-0.1660442,-0.1483404,0.9748971,0,0,-0.0361294,-0.009567574,0.09917182,-0.1660442,-0.1483404,0.9748971,0,0,-0.002788775,0.004000008,0.02325211,-0.02952062,-0.1483405,0.9884956,0,0,-0.004106276,-0.002620429,0.06736867,-0.02952062,-0.1483405,0.9884956,0,0,-0.004883558,-0.006526232,0.09339576,-0.02952062,-0.1483405,0.9884956,0,0,-0.005397215,-0.009107351,0.1105956,-0.02952062,-0.1483405,0.9884956,0,1.862645E-05,0.01744717,0.004000008,0.01727914,0.1213181,-0.1483403,0.9814668,0,0,0.02246609,-0.002136841,0.05788242,0.1213181,-0.1483403,0.9814668,0,0,0.02557792,-0.005941764,0.08305705,0.1213181,-0.1483403,0.9814668,0,0,0.02767673,-0.008508056,0.1000364,0.1213181,-0.1483403,0.9814668,0,0,0.03533743,0,0.009728708,0.2593291,-0.1058512,0.9599708,0,0,0.04382788,-0.003465563,0.04115816,0.2593291,-0.1058512,0.9599708,0,0,0.04852432,-0.005382538,0.05854323,0.2593291,-0.1058512,0.9599708,0,0,0.05266321,-0.007071912,0.07386436,0.2593291,-0.1058512,0.9599708,0,0
17,-0.1206991,0.1549941,0.02218547,0.02597132,0.6109851,0.791216,0.1043268,0.8758975,0.03585193,-0.001887202,-0.005089553,0.2077485,0.385179,0.8991539,0.09652814,0.9982637,0.04158547,0.008743137,0.01972564,-0.09428193,0.1464309,0.9847177,0.001156571,0.2451513,0.03990789,0.01134861,0.0372469,-0.09428196,0.1464309,0.9847177,0.001236618,0.1803454,0.02064711,0.01823321,0.01193243,0.1020221,-0.7665085,0.634079,0.1103706,0.9624925,0.02351204,-0.003291517,0.02973834,-0.24885,-0.7345169,-0.6313148,0.0009369853,0.0189805,0.01871751,-0.0174433,0.01757494,-0.2680891,-0.1357563,-0.953782,0.0008606243,0.03766798,0.01443426,-0.01961228,0.002336413,-0.2680891,-0.1357563,-0.953782,0.001953341,0.1693618,0.003464334,0.01740772,0.01434326,0.2347329,-0.8347598,0.498073,0.111752,0.8895901,0.01139398,-0.01079184,0.03116897,-0.1517259,-0.5749356,-0.8040082,0.001524007,0.08856335,0.007786296,-0.02446246,0.01205155,-0.2380284,0.1179339,-0.9640723,0.0009163931,0.04208741,0.003788233,-0.02248165,-0.004141616,-0.2380284,0.1179339,-0.9640723,0.001269197,0.01769764,-0.01631132,0.01040527,0.0139987,0.3684735,-0.7573048,0.5391816,0.1115543,0.8799013,-0.003789507,-0.01533023,0.03232169,0.1202601,-0.5667827,-0.8150431,0.001708503,0.08890885,-0.001572244,-0.02578014,0.01729456,-0.09149975,0.1147104,-0.9891763,0.0006450303,0.001721915,-0.002887666,-0.02413103,0.003073927,-0.09149975,0.1147104,-0.9891763,0.0009240388,0.01193306,-0.0310073,-0.0007780194,0.01102665,0.5461643,-0.6411259,0.5391309,0.1101628,0.8762031,-0.01877066,-0.01514226,0.02310571,0.2380733,-0.5410029,-0.806621,0.001326452,0.04655222,-0.01467991,-0.02443817,0.009245738,-0.165702,0.02127746,-0.9859467,8.087913E-05,0.03108603,-0.01665471,-0.02418458,-0.002504557,-0.165702,0.02127746,-0.9859467,0.000904194,0.002678913,0.12,0.07,-1.049073E-08,1.748456E-07,0,1,0,0,-0.0436414,-0.02509636,-0.01880316,-0.5258143,-0.4131624,0.7435162,0,0,-0.06024136,-0.03813989,0.004669647,-0.5258143,-0.4131624,0.7435162,0,9.313226E-06,-0.07163577,-0.04709311,0.02078164,-0.5258143,-0.4131624,0.7435162,0,2.9451E-05,-0.02318128,0.002000004,0.02314935,-0.1660442,-0.1483404,0.9748971,0,0,-0.02978651,-0.003900975,0.06193076,-0.1660442,-0.1483404,0.9748971,0,0,-0.03350259,-0.007220834,0.08374895,-0.1660442,-0.1483404,0.9748971,0,0,-0.0361294,-0.009567574,0.09917182,-0.1660442,-0.1483404,0.9748971,0,0,-0.002788775,0.004000008,0.02325211,-0.02952062,-0.1483405,0.9884956,0,0,-0.004106276,-0.002620429,0.06736867,-0.02952062,-0.1483405,0.9884956,0,0,-0.004883558,-0.006526232,0.09339576,-0.02952062,-0.1483405,0.9884956,0,0,-0.005397215,-0.009107351,0.1105956,-0.02952062,-0.1483405,0.9884956,0,1.862645E-05,0.01744717,0.004000008,0.01727914,0.1213181,-0.1483403,0.9814668,0,0,0.02246609,-0.002136841,0.05788242,0.1213181,-0.1483403,0.9814668,0,0,0.02557792,-0.005941764,0.08305705,0.1213181,-0.1483403,0.9814668,0,0,0.02767673,-0.008508056,0.1000364,0.1213181,-0.1483403,0.9814668,0,0,0.03533743,0,0.009728708,0.2593291,-0.1058512,0.9599708,0,0,0.04382788,-0.003465563,0.04115816,0.2593291,-0.1058512,0.9599708,0,0,0.04852432,-0.005382538,0.05854323,0.2593291,-0.1058512,0.9599708,0,0,0.05266321,-0.007071912,0.07386436,0.2593291,-0.1058512,0.9599708,0,0
